platform,machine,round,version,sha,dll_sha256,pair,stage,width,height,n,warmup,min_ms,median_ms,max_ms,checksum_fnv1a
windows,local-windows,1,dart-jit-ffi,3ca75a79f371f4f123dfc395c6dce9194e728c5e,9C816B9F59EE159573575C2916321693AE035161D99B92274D9FC21A22365F30,NV12->BGRA,staging,1920,1080,30,5,3.6317,3.7857,4.5745,0xbd2817acd7e16391
windows,local-windows,1,dart-jit-ffi,3ca75a79f371f4f123dfc395c6dce9194e728c5e,9C816B9F59EE159573575C2916321693AE035161D99B92274D9FC21A22365F30,NV12->BGRA,dest_alloc_zero,1920,1080,30,5,8.7870,9.1616,15.6507,0xbd2817acd7e16391
windows,local-windows,1,dart-jit-ffi,3ca75a79f371f4f123dfc395c6dce9194e728c5e,9C816B9F59EE159573575C2916321693AE035161D99B92274D9FC21A22365F30,NV12->BGRA,kernel,1920,1080,30,5,43.9992,44.6050,57.1646,0xbd2817acd7e16391
windows,local-windows,1,dart-jit-ffi,3ca75a79f371f4f123dfc395c6dce9194e728c5e,9C816B9F59EE159573575C2916321693AE035161D99B92274D9FC21A22365F30,NV12->BGRA,copy_out,1920,1080,30,5,1.7897,2.1174,2.5434,0xbd2817acd7e16391
windows,local-windows,1,dart-jit-ffi,3ca75a79f371f4f123dfc395c6dce9194e728c5e,9C816B9F59EE159573575C2916321693AE035161D99B92274D9FC21A22365F30,NV12->BGRA,full_call,1920,1080,30,5,59.0847,59.9488,83.8566,0xbd2817acd7e16391
windows,local-windows,1,dart-jit-ffi,3ca75a79f371f4f123dfc395c6dce9194e728c5e,9C816B9F59EE159573575C2916321693AE035161D99B92274D9FC21A22365F30,NV12->BGRA,wrap,1920,1080,30,5,0.0048,0.0086,0.0127,0xbd2817acd7e16391
windows,local-windows,1,dart-jit-ffi,3ca75a79f371f4f123dfc395c6dce9194e728c5e,9C816B9F59EE159573575C2916321693AE035161D99B92274D9FC21A22365F30,NV12->BGRA,toBgra_full_call,1920,1080,30,5,58.8804,59.9239,67.2553,0xbd2817acd7e16391
windows,local-windows,1,dart-jit-ffi,3ca75a79f371f4f123dfc395c6dce9194e728c5e,9C816B9F59EE159573575C2916321693AE035161D99B92274D9FC21A22365F30,I420->BGRA,staging,1920,1080,30,5,3.9416,4.0816,4.2196,0x9fb2849898309858
windows,local-windows,1,dart-jit-ffi,3ca75a79f371f4f123dfc395c6dce9194e728c5e,9C816B9F59EE159573575C2916321693AE035161D99B92274D9FC21A22365F30,I420->BGRA,dest_alloc_zero,1920,1080,30,5,8.8111,9.1412,9.5962,0x9fb2849898309858
windows,local-windows,1,dart-jit-ffi,3ca75a79f371f4f123dfc395c6dce9194e728c5e,9C816B9F59EE159573575C2916321693AE035161D99B92274D9FC21A22365F30,I420->BGRA,kernel,1920,1080,30,5,50.4873,50.8189,54.9577,0x9fb2849898309858
windows,local-windows,1,dart-jit-ffi,3ca75a79f371f4f123dfc395c6dce9194e728c5e,9C816B9F59EE159573575C2916321693AE035161D99B92274D9FC21A22365F30,I420->BGRA,copy_out,1920,1080,30,5,1.8752,2.1176,2.4336,0x9fb2849898309858
windows,local-windows,1,dart-jit-ffi,3ca75a79f371f4f123dfc395c6dce9194e728c5e,9C816B9F59EE159573575C2916321693AE035161D99B92274D9FC21A22365F30,I420->BGRA,full_call,1920,1080,30,5,65.7953,66.3127,81.4056,0x9fb2849898309858
windows,local-windows,1,dart-jit-ffi,3ca75a79f371f4f123dfc395c6dce9194e728c5e,9C816B9F59EE159573575C2916321693AE035161D99B92274D9FC21A22365F30,I420->BGRA,wrap,1920,1080,30,5,0.0057,0.0083,0.0131,0x9fb2849898309858
windows,local-windows,1,dart-jit-ffi,3ca75a79f371f4f123dfc395c6dce9194e728c5e,9C816B9F59EE159573575C2916321693AE035161D99B92274D9FC21A22365F30,I420->BGRA,toBgra_full_call,1920,1080,30,5,65.8569,66.5781,68.7681,0x9fb2849898309858
windows,local-windows,2,dart-jit-ffi,3ca75a79f371f4f123dfc395c6dce9194e728c5e,9C816B9F59EE159573575C2916321693AE035161D99B92274D9FC21A22365F30,NV12->BGRA,staging,1920,1080,30,5,3.7056,4.1105,6.1826,0xbd2817acd7e16391
windows,local-windows,2,dart-jit-ffi,3ca75a79f371f4f123dfc395c6dce9194e728c5e,9C816B9F59EE159573575C2916321693AE035161D99B92274D9FC21A22365F30,NV12->BGRA,dest_alloc_zero,1920,1080,30,5,8.9071,9.3280,12.1320,0xbd2817acd7e16391
windows,local-windows,2,dart-jit-ffi,3ca75a79f371f4f123dfc395c6dce9194e728c5e,9C816B9F59EE159573575C2916321693AE035161D99B92274D9FC21A22365F30,NV12->BGRA,kernel,1920,1080,30,5,44.0412,44.7728,50.0520,0xbd2817acd7e16391
windows,local-windows,2,dart-jit-ffi,3ca75a79f371f4f123dfc395c6dce9194e728c5e,9C816B9F59EE159573575C2916321693AE035161D99B92274D9FC21A22365F30,NV12->BGRA,copy_out,1920,1080,30,5,1.7616,2.1003,2.5631,0xbd2817acd7e16391
windows,local-windows,2,dart-jit-ffi,3ca75a79f371f4f123dfc395c6dce9194e728c5e,9C816B9F59EE159573575C2916321693AE035161D99B92274D9FC21A22365F30,NV12->BGRA,full_call,1920,1080,30,5,59.1061,60.0658,62.2005,0xbd2817acd7e16391
windows,local-windows,2,dart-jit-ffi,3ca75a79f371f4f123dfc395c6dce9194e728c5e,9C816B9F59EE159573575C2916321693AE035161D99B92274D9FC21A22365F30,NV12->BGRA,wrap,1920,1080,30,5,0.0053,0.0104,0.0140,0xbd2817acd7e16391
windows,local-windows,2,dart-jit-ffi,3ca75a79f371f4f123dfc395c6dce9194e728c5e,9C816B9F59EE159573575C2916321693AE035161D99B92274D9FC21A22365F30,NV12->BGRA,toBgra_full_call,1920,1080,30,5,59.0182,59.9125,65.9346,0xbd2817acd7e16391
windows,local-windows,2,dart-jit-ffi,3ca75a79f371f4f123dfc395c6dce9194e728c5e,9C816B9F59EE159573575C2916321693AE035161D99B92274D9FC21A22365F30,I420->BGRA,staging,1920,1080,30,5,3.9543,4.1053,4.9904,0x9fb2849898309858
windows,local-windows,2,dart-jit-ffi,3ca75a79f371f4f123dfc395c6dce9194e728c5e,9C816B9F59EE159573575C2916321693AE035161D99B92274D9FC21A22365F30,I420->BGRA,dest_alloc_zero,1920,1080,30,5,8.9367,9.2275,19.1329,0x9fb2849898309858
windows,local-windows,2,dart-jit-ffi,3ca75a79f371f4f123dfc395c6dce9194e728c5e,9C816B9F59EE159573575C2916321693AE035161D99B92274D9FC21A22365F30,I420->BGRA,kernel,1920,1080,30,5,50.4371,51.3295,66.8144,0x9fb2849898309858
windows,local-windows,2,dart-jit-ffi,3ca75a79f371f4f123dfc395c6dce9194e728c5e,9C816B9F59EE159573575C2916321693AE035161D99B92274D9FC21A22365F30,I420->BGRA,copy_out,1920,1080,30,5,1.7869,2.1338,3.3400,0x9fb2849898309858
windows,local-windows,2,dart-jit-ffi,3ca75a79f371f4f123dfc395c6dce9194e728c5e,9C816B9F59EE159573575C2916321693AE035161D99B92274D9FC21A22365F30,I420->BGRA,full_call,1920,1080,30,5,65.6305,66.9024,79.3204,0x9fb2849898309858
windows,local-windows,2,dart-jit-ffi,3ca75a79f371f4f123dfc395c6dce9194e728c5e,9C816B9F59EE159573575C2916321693AE035161D99B92274D9FC21A22365F30,I420->BGRA,wrap,1920,1080,30,5,0.0061,0.0085,0.0124,0x9fb2849898309858
windows,local-windows,2,dart-jit-ffi,3ca75a79f371f4f123dfc395c6dce9194e728c5e,9C816B9F59EE159573575C2916321693AE035161D99B92274D9FC21A22365F30,I420->BGRA,toBgra_full_call,1920,1080,30,5,65.7611,66.3826,73.7303,0x9fb2849898309858
windows,local-windows,3,dart-jit-ffi,3ca75a79f371f4f123dfc395c6dce9194e728c5e,9C816B9F59EE159573575C2916321693AE035161D99B92274D9FC21A22365F30,NV12->BGRA,staging,1920,1080,30,5,3.6378,3.9922,7.9544,0xbd2817acd7e16391
windows,local-windows,3,dart-jit-ffi,3ca75a79f371f4f123dfc395c6dce9194e728c5e,9C816B9F59EE159573575C2916321693AE035161D99B92274D9FC21A22365F30,NV12->BGRA,dest_alloc_zero,1920,1080,30,5,8.8575,9.1178,9.3435,0xbd2817acd7e16391
windows,local-windows,3,dart-jit-ffi,3ca75a79f371f4f123dfc395c6dce9194e728c5e,9C816B9F59EE159573575C2916321693AE035161D99B92274D9FC21A22365F30,NV12->BGRA,kernel,1920,1080,30,5,44.0503,44.6571,45.9974,0xbd2817acd7e16391
windows,local-windows,3,dart-jit-ffi,3ca75a79f371f4f123dfc395c6dce9194e728c5e,9C816B9F59EE159573575C2916321693AE035161D99B92274D9FC21A22365F30,NV12->BGRA,copy_out,1920,1080,30,5,1.7657,1.9957,4.4869,0xbd2817acd7e16391
windows,local-windows,3,dart-jit-ffi,3ca75a79f371f4f123dfc395c6dce9194e728c5e,9C816B9F59EE159573575C2916321693AE035161D99B92274D9FC21A22365F30,NV12->BGRA,full_call,1920,1080,30,5,58.8125,59.8607,66.1027,0xbd2817acd7e16391
windows,local-windows,3,dart-jit-ffi,3ca75a79f371f4f123dfc395c6dce9194e728c5e,9C816B9F59EE159573575C2916321693AE035161D99B92274D9FC21A22365F30,NV12->BGRA,wrap,1920,1080,30,5,0.0049,0.0072,0.0109,0xbd2817acd7e16391
windows,local-windows,3,dart-jit-ffi,3ca75a79f371f4f123dfc395c6dce9194e728c5e,9C816B9F59EE159573575C2916321693AE035161D99B92274D9FC21A22365F30,NV12->BGRA,toBgra_full_call,1920,1080,30,5,58.7815,59.6511,65.0574,0xbd2817acd7e16391
windows,local-windows,3,dart-jit-ffi,3ca75a79f371f4f123dfc395c6dce9194e728c5e,9C816B9F59EE159573575C2916321693AE035161D99B92274D9FC21A22365F30,I420->BGRA,staging,1920,1080,30,5,3.9710,4.0587,6.0245,0x9fb2849898309858
windows,local-windows,3,dart-jit-ffi,3ca75a79f371f4f123dfc395c6dce9194e728c5e,9C816B9F59EE159573575C2916321693AE035161D99B92274D9FC21A22365F30,I420->BGRA,dest_alloc_zero,1920,1080,30,5,9.0031,9.2299,20.3657,0x9fb2849898309858
windows,local-windows,3,dart-jit-ffi,3ca75a79f371f4f123dfc395c6dce9194e728c5e,9C816B9F59EE159573575C2916321693AE035161D99B92274D9FC21A22365F30,I420->BGRA,kernel,1920,1080,30,5,50.3631,51.1451,54.4718,0x9fb2849898309858
windows,local-windows,3,dart-jit-ffi,3ca75a79f371f4f123dfc395c6dce9194e728c5e,9C816B9F59EE159573575C2916321693AE035161D99B92274D9FC21A22365F30,I420->BGRA,copy_out,1920,1080,30,5,1.6997,2.0668,2.3050,0x9fb2849898309858
windows,local-windows,3,dart-jit-ffi,3ca75a79f371f4f123dfc395c6dce9194e728c5e,9C816B9F59EE159573575C2916321693AE035161D99B92274D9FC21A22365F30,I420->BGRA,full_call,1920,1080,30,5,65.7387,67.3262,75.1697,0x9fb2849898309858
windows,local-windows,3,dart-jit-ffi,3ca75a79f371f4f123dfc395c6dce9194e728c5e,9C816B9F59EE159573575C2916321693AE035161D99B92274D9FC21A22365F30,I420->BGRA,wrap,1920,1080,30,5,0.0039,0.0076,0.0120,0x9fb2849898309858
windows,local-windows,3,dart-jit-ffi,3ca75a79f371f4f123dfc395c6dce9194e728c5e,9C816B9F59EE159573575C2916321693AE035161D99B92274D9FC21A22365F30,I420->BGRA,toBgra_full_call,1920,1080,30,5,65.6597,66.7988,72.0137,0x9fb2849898309858
