platform,machine,round,version,sha,src_tree_id,scenario_id,op,src_fmt,dst_fmt,width,height,params,layout,level,status,reason,warmup,n,min_ms,median_ms,p95_or_max_ms,upper_kind,mean_ms,stdev_ms,spread,checksum_sha256,raw_ms,started_at,finished_at,compiler,flags,power_plan,affinity
windows,local-windows,1,abi_v1,3564f5ff4cf9d04755fd6d080d52933e2ae89593,d4e9e54fd92a53ce204ecc36f0031c8db3e2085c,CVT.I420.I420,cvt,I420,I420,1920,1080,-,tight,dart,OK,,11,50,2.3090,2.6650,3.4400,p95,2.7528,0.2683,0.2908,71c06f9341e998b2308625dedffb1555a57cacdb4b1479630039dab4febfc0b4,2.7320;2.7680;2.5590;2.9450;2.5860;2.6260;2.7130;2.6230;2.7070;2.6130;2.9820;2.7970;2.5890;2.9540;2.6730;2.5400;2.4270;2.9160;2.6100;2.5280;3.3750;2.5740;2.6430;2.8140;2.6900;2.8530;2.6570;2.6050;2.5740;2.7120;2.8260;2.7820;2.3090;2.5600;2.5930;2.6040;2.5250;2.6250;2.5070;3.5380;2.6030;2.8250;3.4400;2.6530;2.7820;3.2560;2.8750;2.5590;3.5390;2.8550,2026-09-26T13:39:55.066512Z,2026-09-26T13:39:55.517612Z,Flutter-3.44.9-Dart-3.12.2,AOT-MSVC-Release,,
windows,local-windows,1,abi_v1,3564f5ff4cf9d04755fd6d080d52933e2ae89593,d4e9e54fd92a53ce204ecc36f0031c8db3e2085c,CVT.I420.NV12,cvt,I420,NV12,1920,1080,-,tight,dart,OK,,6,30,9.9480,10.2920,23.1630,p95,13.3211,5.1440,1.2506,c08dec9993df462f7d96eb3e765ab97b2ac69d86f7bf13e60740ce5c3d4ee652,10.2540;15.8910;23.1630;21.0120;22.5810;21.2520;21.6900;23.9000;22.0120;11.9430;10.0140;10.2920;10.0720;10.2460;10.2920;10.1610;10.5390;10.1650;10.1540;10.0990;10.1650;10.0090;10.0100;9.9480;10.0580;10.1400;10.3180;10.3870;10.6910;12.1740,2026-09-26T13:39:55.876584Z,2026-09-26T13:39:56.535093Z,Flutter-3.44.9-Dart-3.12.2,AOT-MSVC-Release,,
windows,local-windows,1,abi_v1,3564f5ff4cf9d04755fd6d080d52933e2ae89593,d4e9e54fd92a53ce204ecc36f0031c8db3e2085c,CVT.I420.BGRA,cvt,I420,BGRA,1920,1080,-,tight,dart,OK,,6,30,43.6580,44.1460,47.9210,p95,45.1247,2.0270,0.0855,b08cec9880b62a1957c53397509216d6c086ce56af2d1095840bc3d846cdc59f,44.1140;43.7840;43.8340;43.6890;43.6850;43.9180;43.6580;44.2660;44.1020;44.4680;44.1780;43.8870;43.8610;44.0810;43.8550;46.0470;47.9210;52.8140;44.8610;44.2800;46.1550;47.3550;47.5690;47.2180;47.4940;46.5960;43.9190;43.6750;44.0350;44.4220,2026-09-26T13:39:56.875494Z,2026-09-26T13:39:58.834217Z,Flutter-3.44.9-Dart-3.12.2,AOT-MSVC-Release,,
windows,local-windows,1,abi_v1,3564f5ff4cf9d04755fd6d080d52933e2ae89593,d4e9e54fd92a53ce204ecc36f0031c8db3e2085c,CVT.NV12.I420,cvt,NV12,I420,1920,1080,-,tight,dart,OK,,6,30,10.6220,11.5095,13.0450,p95,11.5621,0.6768,0.1334,71c06f9341e998b2308625dedffb1555a57cacdb4b1479630039dab4febfc0b4,11.2190;11.3080;11.5960;11.7360;11.6270;12.1790;11.6030;11.2970;11.2190;11.3330;11.4420;12.0070;11.8570;11.3590;12.1450;11.1090;10.8460;10.7770;10.6220;10.9790;10.6410;10.7260;11.8650;11.5570;11.4620;13.8300;13.0450;11.8230;11.7790;11.8760,2026-09-26T13:39:59.134211Z,2026-09-26T13:39:59.758461Z,Flutter-3.44.9-Dart-3.12.2,AOT-MSVC-Release,,
windows,local-windows,1,abi_v1,3564f5ff4cf9d04755fd6d080d52933e2ae89593,d4e9e54fd92a53ce204ecc36f0031c8db3e2085c,CVT.NV12.NV12,cvt,NV12,NV12,1920,1080,-,tight,dart,OK,,11,50,1.9230,2.2035,2.5070,p95,2.2290,0.2272,0.1377,c08dec9993df462f7d96eb3e765ab97b2ac69d86f7bf13e60740ce5c3d4ee652,2.2150;2.3060;2.0910;2.3580;2.3410;2.3620;2.4630;2.1300;1.9600;2.6840;2.2970;3.2630;2.3080;2.1760;2.0510;1.9230;2.1690;2.3600;2.2370;1.9400;2.2610;2.3300;2.2080;2.4890;2.5070;2.2210;1.9700;2.1990;2.4550;2.4010;2.1030;2.1850;2.1470;2.1840;2.1650;2.1430;2.2160;2.3030;2.3510;2.3190;2.1970;2.0400;1.9900;2.0600;1.9830;2.3900;1.9270;1.9960;2.0740;2.0020,2026-09-26T13:40:00.086440Z,2026-09-26T13:40:00.451774Z,Flutter-3.44.9-Dart-3.12.2,AOT-MSVC-Release,,
windows,local-windows,1,abi_v1,3564f5ff4cf9d04755fd6d080d52933e2ae89593,d4e9e54fd92a53ce204ecc36f0031c8db3e2085c,CVT.NV12.BGRA,cvt,NV12,BGRA,1920,1080,-,tight,dart,OK,,6,30,42.7560,43.2985,48.2710,p95,44.4608,2.0499,0.1148,b08cec9880b62a1957c53397509216d6c086ce56af2d1095840bc3d846cdc59f,42.9500;44.3410;46.9870;47.8960;46.9580;47.7130;46.8910;48.2710;46.9600;48.9030;46.3680;43.6340;42.8060;43.1310;43.0130;43.4060;42.7560;43.4980;43.1050;43.4870;43.1710;43.3650;42.8390;43.0270;42.9820;43.2320;43.0240;43.1990;42.7590;43.1520,2026-09-26T13:40:00.774412Z,2026-09-26T13:40:02.708150Z,Flutter-3.44.9-Dart-3.12.2,AOT-MSVC-Release,,
windows,local-windows,1,abi_v1,3564f5ff4cf9d04755fd6d080d52933e2ae89593,d4e9e54fd92a53ce204ecc36f0031c8db3e2085c,CVT.BGRA.I420,cvt,BGRA,I420,1920,1080,-,tight,dart,OK,,6,30,20.8680,21.8945,23.0620,p95,22.0473,0.5512,0.0533,1d9529c94483d83cb89c58868028aa91439b7cc230e4100083ad694f56aa2691,23.4160;23.0620;21.8050;21.9610;21.8540;21.6330;21.4710;21.8990;21.7020;21.8210;21.6220;21.4710;20.8680;22.6680;22.5250;22.4340;22.6020;22.5050;22.5760;22.4890;22.3670;22.3090;22.4210;21.8140;21.4710;21.5590;21.8900;21.5250;22.0950;21.5840,2026-09-26T13:40:03.117270Z,2026-09-26T13:40:04.114587Z,Flutter-3.44.9-Dart-3.12.2,AOT-MSVC-Release,,
windows,local-windows,1,abi_v1,3564f5ff4cf9d04755fd6d080d52933e2ae89593,d4e9e54fd92a53ce204ecc36f0031c8db3e2085c,CVT.BGRA.NV12,cvt,BGRA,NV12,1920,1080,-,tight,dart,OK,,6,30,20.3070,20.7290,22.1760,p95,20.9039,0.5778,0.0698,a059affca5bdec2b3b77a0c6ac429290d34d8f24913b47e2a3dcd16a0c608725,21.7540;22.1760;21.4140;21.4460;20.4780;21.0630;21.0030;20.8260;21.0950;20.6410;20.5060;20.6160;20.7550;20.7600;20.4900;20.4960;20.8130;20.4840;20.5320;20.5100;20.5110;20.7450;21.5040;22.7380;21.4830;20.3070;20.7130;20.3240;20.5380;20.3960,2026-09-26T13:40:04.522192Z,2026-09-26T13:40:05.453448Z,Flutter-3.44.9-Dart-3.12.2,AOT-MSVC-Release,,
windows,local-windows,1,abi_v1,3564f5ff4cf9d04755fd6d080d52933e2ae89593,d4e9e54fd92a53ce204ecc36f0031c8db3e2085c,CVT.BGRA.BGRA,cvt,BGRA,BGRA,1920,1080,-,tight,dart,OK,,11,50,4.5510,4.8655,5.3820,p95,4.9294,0.2201,0.1062,4a107f2e1d3895761980b2c7e5eecc1a587bffc27626b96868c9c94306dc22a9,5.0290;4.9470;4.9200;4.9790;5.2560;4.9010;5.3820;4.8740;5.6060;5.2280;4.8160;4.8050;4.8640;4.7420;4.7350;4.8990;4.8050;4.8490;4.6580;4.8120;4.5510;4.8980;5.1360;5.5830;4.9750;4.9920;4.9510;4.9470;5.2350;5.0690;5.1260;5.1990;4.9990;5.1400;4.8670;4.8340;4.7930;4.6930;4.8470;4.8010;4.7330;4.8640;4.7430;4.8140;4.8420;4.7080;4.8210;4.6800;4.7640;4.7580,2026-09-26T13:40:05.876013Z,2026-09-26T13:40:06.575564Z,Flutter-3.44.9-Dart-3.12.2,AOT-MSVC-Release,,
windows,local-windows,1,abi_v1,3564f5ff4cf9d04755fd6d080d52933e2ae89593,d4e9e54fd92a53ce204ecc36f0031c8db3e2085c,CVT.RGBA.I420,cvt,RGBA,I420,1920,1080,-,tight,dart,OK,,6,30,21.0970,21.5150,22.3120,p95,21.6102,0.4159,0.0370,1d9529c94483d83cb89c58868028aa91439b7cc230e4100083ad694f56aa2691,21.9780;22.2890;22.3120;21.7280;22.4590;21.3440;22.1150;21.8950;21.2250;21.0970;21.4340;21.1620;21.1480;21.1590;21.2190;21.1480;21.3350;21.1220;21.2510;21.2500;21.4940;21.9550;21.4030;21.6910;22.0140;21.7630;21.8750;21.7180;22.1860;21.5360,2026-09-26T13:40:06.980471Z,2026-09-26T13:40:07.881946Z,Flutter-3.44.9-Dart-3.12.2,AOT-MSVC-Release,,
windows,local-windows,1,abi_v1,3564f5ff4cf9d04755fd6d080d52933e2ae89593,d4e9e54fd92a53ce204ecc36f0031c8db3e2085c,CVT.RGBA.NV12,cvt,RGBA,NV12,1920,1080,-,tight,dart,OK,,6,30,20.3640,21.3410,24.1150,p95,21.6876,1.0147,0.1300,a059affca5bdec2b3b77a0c6ac429290d34d8f24913b47e2a3dcd16a0c608725,24.6350;21.7050;22.7400;22.1980;24.1150;21.8720;21.5110;20.5750;22.1820;21.3160;21.3980;21.2170;21.5200;21.0060;21.7250;21.4350;21.2270;20.3640;21.2030;21.3660;21.1640;21.2050;24.0300;22.5250;21.0760;21.1500;21.1460;21.0730;20.8900;21.0580,2026-09-26T13:40:08.314446Z,2026-09-26T13:40:09.210715Z,Flutter-3.44.9-Dart-3.12.2,AOT-MSVC-Release,,
windows,local-windows,1,abi_v1,3564f5ff4cf9d04755fd6d080d52933e2ae89593,d4e9e54fd92a53ce204ecc36f0031c8db3e2085c,CVT.RGBA.BGRA,cvt,RGBA,BGRA,1920,1080,-,tight,dart,OK,,6,30,22.9440,23.2315,24.4050,p95,23.3737,0.4655,0.0505,4a107f2e1d3895761980b2c7e5eecc1a587bffc27626b96868c9c94306dc22a9,24.4050;23.2450;22.9660;23.3390;23.1350;23.2980;23.0260;23.2120;23.3340;23.1580;23.7020;24.2910;23.0940;25.1310;23.2130;23.2950;23.2170;23.6590;22.9440;23.3410;23.2180;23.1170;23.2180;23.3680;23.0430;23.3520;23.1950;23.3090;23.1070;23.2800,2026-09-26T13:40:09.613503Z,2026-09-26T13:40:10.716184Z,Flutter-3.44.9-Dart-3.12.2,AOT-MSVC-Release,,
windows,local-windows,2,abi_v1,3564f5ff4cf9d04755fd6d080d52933e2ae89593,d4e9e54fd92a53ce204ecc36f0031c8db3e2085c,CVT.I420.I420,cvt,I420,I420,1920,1080,-,tight,dart,OK,,11,50,2.0580,2.6905,3.0750,p95,2.7204,0.2349,0.1429,71c06f9341e998b2308625dedffb1555a57cacdb4b1479630039dab4febfc0b4,3.0910;2.4970;2.2550;2.9390;2.1130;2.3940;2.9020;2.6080;2.0580;2.5300;2.5220;2.5130;2.6520;2.9260;3.4210;2.6820;2.6880;2.6620;2.7560;2.6930;2.6840;2.8130;2.9280;2.5800;2.6170;2.9530;2.6560;2.6380;2.9890;2.7160;2.7740;2.6310;2.6080;2.7560;2.6390;3.0750;2.6140;2.7240;2.6520;2.6740;2.9220;2.6760;2.7310;2.7490;3.0160;2.8790;2.8750;2.8190;2.8320;2.8960,2026-09-26T13:40:47.295556Z,2026-09-26T13:40:47.741450Z,Flutter-3.44.9-Dart-3.12.2,AOT-MSVC-Release,,
windows,local-windows,2,abi_v1,3564f5ff4cf9d04755fd6d080d52933e2ae89593,d4e9e54fd92a53ce204ecc36f0031c8db3e2085c,CVT.I420.NV12,cvt,I420,NV12,1920,1080,-,tight,dart,OK,,6,30,9.9650,11.1555,12.3560,p95,11.0383,0.7580,0.1076,c08dec9993df462f7d96eb3e765ab97b2ac69d86f7bf13e60740ce5c3d4ee652,10.2660;10.1380;10.0260;10.4390;10.0720;10.2270;9.9650;10.0090;9.9970;10.3370;12.4830;12.3560;12.2170;11.8830;11.3200;10.7940;11.0780;11.4070;10.8640;11.4920;11.4620;11.2940;10.8710;11.8670;11.6500;11.4620;11.4430;11.6020;11.2330;10.8940,2026-09-26T13:40:48.082124Z,2026-09-26T13:40:48.689029Z,Flutter-3.44.9-Dart-3.12.2,AOT-MSVC-Release,,
windows,local-windows,2,abi_v1,3564f5ff4cf9d04755fd6d080d52933e2ae89593,d4e9e54fd92a53ce204ecc36f0031c8db3e2085c,CVT.I420.BGRA,cvt,I420,BGRA,1920,1080,-,tight,dart,OK,,6,30,43.4480,44.2260,48.4980,p95,45.2767,1.8411,0.0966,b08cec9880b62a1957c53397509216d6c086ce56af2d1095840bc3d846cdc59f,43.7560;43.8510;44.3150;47.9050;46.6990;47.7730;43.8760;43.8110;44.1370;43.6610;43.9940;44.0540;43.4480;43.7690;43.6840;44.3320;43.7890;43.9000;45.4120;46.4310;48.8110;48.2720;47.9210;48.4980;46.9680;46.1030;47.3240;43.8120;44.3230;43.6710,2026-09-26T13:40:49.000947Z,2026-09-26T13:40:50.968064Z,Flutter-3.44.9-Dart-3.12.2,AOT-MSVC-Release,,
windows,local-windows,2,abi_v1,3564f5ff4cf9d04755fd6d080d52933e2ae89593,d4e9e54fd92a53ce204ecc36f0031c8db3e2085c,CVT.NV12.I420,cvt,NV12,I420,1920,1080,-,tight,dart,OK,,6,30,10.5400,11.7930,12.3970,p95,11.7580,0.4999,0.0512,71c06f9341e998b2308625dedffb1555a57cacdb4b1479630039dab4febfc0b4,13.4280;12.3970;11.8520;11.9550;11.0770;11.2620;10.5400;11.1740;12.0400;11.7820;11.9820;11.9790;11.4810;11.6440;11.6030;12.0030;11.6020;12.2810;12.1410;11.3330;11.9070;12.0130;11.7270;11.8970;11.8380;11.6970;11.4250;11.2730;11.8040;11.6030,2026-09-26T13:40:51.278870Z,2026-09-26T13:40:51.900900Z,Flutter-3.44.9-Dart-3.12.2,AOT-MSVC-Release,,
windows,local-windows,2,abi_v1,3564f5ff4cf9d04755fd6d080d52933e2ae89593,d4e9e54fd92a53ce204ecc36f0031c8db3e2085c,CVT.NV12.NV12,cvt,NV12,NV12,1920,1080,-,tight,dart,OK,,11,50,1.7490,2.4720,2.7340,p95,2.4402,0.2051,0.1060,c08dec9993df462f7d96eb3e765ab97b2ac69d86f7bf13e60740ce5c3d4ee652,2.1250;2.1210;2.5930;1.7490;2.6920;2.3960;2.1940;2.5380;2.6510;2.6430;2.6760;2.5020;2.3120;2.7750;2.6070;2.4120;2.5930;2.6040;2.5400;2.6300;2.6130;2.5680;2.6530;2.3320;2.7680;2.3240;2.4880;2.5100;2.2780;2.3050;2.5100;2.7340;2.1520;2.6440;2.2970;2.4580;2.3250;2.5030;2.4760;2.3800;2.1980;2.1760;2.2920;2.2870;2.5270;2.4680;2.4170;2.4520;2.4080;2.1130,2026-09-26T13:40:52.246995Z,2026-09-26T13:40:52.638056Z,Flutter-3.44.9-Dart-3.12.2,AOT-MSVC-Release,,
windows,local-windows,2,abi_v1,3564f5ff4cf9d04755fd6d080d52933e2ae89593,d4e9e54fd92a53ce204ecc36f0031c8db3e2085c,CVT.NV12.BGRA,cvt,NV12,BGRA,1920,1080,-,tight,dart,OK,,6,30,43.2070,44.1045,47.0720,p95,44.9801,1.4147,0.0673,b08cec9880b62a1957c53397509216d6c086ce56af2d1095840bc3d846cdc59f,43.7650;43.8970;43.6620;46.1940;46.7660;47.0290;45.9510;43.9950;43.9010;44.7870;46.9810;47.0720;45.7410;46.3380;46.0710;47.4720;46.1740;46.4860;46.1590;44.0800;43.7370;44.1290;43.6060;43.7490;43.3370;44.0690;43.2070;43.3800;43.6880;43.9790,2026-09-26T13:40:52.965075Z,2026-09-26T13:40:54.924146Z,Flutter-3.44.9-Dart-3.12.2,AOT-MSVC-Release,,
windows,local-windows,2,abi_v1,3564f5ff4cf9d04755fd6d080d52933e2ae89593,d4e9e54fd92a53ce204ecc36f0031c8db3e2085c,CVT.BGRA.I420,cvt,BGRA,I420,1920,1080,-,tight,dart,OK,,6,30,21.3060,23.2620,25.4510,p95,23.3080,1.0769,0.0941,1d9529c94483d83cb89c58868028aa91439b7cc230e4100083ad694f56aa2691,24.6880;26.3050;22.4440;21.6350;22.0930;21.3060;21.6030;24.5640;23.4110;22.5000;23.8470;24.2950;23.7320;22.5980;23.2180;25.4510;22.8410;23.0030;23.5210;23.8650;22.7870;23.3060;23.6500;23.1410;23.5350;22.6670;23.8560;23.3220;22.9340;23.1210,2026-09-26T13:40:55.327927Z,2026-09-26T13:40:56.366810Z,Flutter-3.44.9-Dart-3.12.2,AOT-MSVC-Release,,
windows,local-windows,2,abi_v1,3564f5ff4cf9d04755fd6d080d52933e2ae89593,d4e9e54fd92a53ce204ecc36f0031c8db3e2085c,CVT.BGRA.NV12,cvt,BGRA,NV12,1920,1080,-,tight,dart,OK,,6,30,20.2430,22.1735,23.6230,p95,22.1103,1.0605,0.0654,a059affca5bdec2b3b77a0c6ac429290d34d8f24913b47e2a3dcd16a0c608725,20.6030;20.2430;20.4530;20.7210;20.4730;20.6020;20.9200;21.2920;22.6220;21.9350;21.9670;23.5860;22.1440;21.9870;22.4850;23.0000;21.8660;23.4700;22.2030;23.6230;22.6890;23.2370;22.7110;24.2210;22.4300;22.3650;22.7650;22.7440;22.1100;21.8410,2026-09-26T13:40:56.786553Z,2026-09-26T13:40:57.760018Z,Flutter-3.44.9-Dart-3.12.2,AOT-MSVC-Release,,
windows,local-windows,2,abi_v1,3564f5ff4cf9d04755fd6d080d52933e2ae89593,d4e9e54fd92a53ce204ecc36f0031c8db3e2085c,CVT.BGRA.BGRA,cvt,BGRA,BGRA,1920,1080,-,tight,dart,OK,,11,50,4.7660,5.1115,5.7130,p95,5.2125,0.3301,0.1177,4a107f2e1d3895761980b2c7e5eecc1a587bffc27626b96868c9c94306dc22a9,4.8180;5.5170;5.7130;5.2010;6.4510;5.3240;5.7910;5.1220;5.6430;5.2500;5.5490;5.0370;5.3560;5.5980;4.9800;5.5190;4.9310;5.3620;4.8720;4.9970;4.8230;5.5640;4.8460;5.4390;5.0160;5.5970;5.0650;4.9740;5.1220;4.9920;5.0220;5.0680;5.5930;5.0370;5.5270;4.7780;5.4040;5.0670;5.1660;4.9420;4.8680;4.9030;5.1010;5.0740;5.0180;5.4640;5.2410;5.1270;4.7660;4.9910,2026-09-26T13:40:58.172894Z,2026-09-26T13:40:58.906585Z,Flutter-3.44.9-Dart-3.12.2,AOT-MSVC-Release,,
windows,local-windows,2,abi_v1,3564f5ff4cf9d04755fd6d080d52933e2ae89593,d4e9e54fd92a53ce204ecc36f0031c8db3e2085c,CVT.RGBA.I420,cvt,RGBA,I420,1920,1080,-,tight,dart,OK,,6,30,21.1630,23.2220,24.2350,p95,22.9698,0.9322,0.0436,1d9529c94483d83cb89c58868028aa91439b7cc230e4100083ad694f56aa2691,24.1020;23.7050;22.6680;24.2350;22.7210;23.6740;23.2820;23.7940;23.2550;22.5920;24.7150;23.3750;22.8360;22.3450;23.5870;22.9090;22.5860;23.5900;23.2160;23.9350;23.2280;22.3940;23.4430;23.6250;22.5330;21.1630;21.1700;21.1920;21.6580;21.5650,2026-09-26T13:40:59.308017Z,2026-09-26T13:41:00.250644Z,Flutter-3.44.9-Dart-3.12.2,AOT-MSVC-Release,,
windows,local-windows,2,abi_v1,3564f5ff4cf9d04755fd6d080d52933e2ae89593,d4e9e54fd92a53ce204ecc36f0031c8db3e2085c,CVT.RGBA.NV12,cvt,RGBA,NV12,1920,1080,-,tight,dart,OK,,6,30,20.3840,21.0385,23.5110,p95,21.5281,0.9134,0.1175,a059affca5bdec2b3b77a0c6ac429290d34d8f24913b47e2a3dcd16a0c608725,21.0130;20.5810;20.9010;20.9840;21.5710;21.4690;21.1890;21.0640;20.8990;20.8810;20.8460;20.8640;20.9290;20.8820;20.7750;20.7970;20.3840;20.9360;22.7740;23.5110;22.2620;21.8510;22.3170;22.2660;22.6540;20.5750;21.8170;22.5590;23.8150;22.4780,2026-09-26T13:41:00.655898Z,2026-09-26T13:41:01.531229Z,Flutter-3.44.9-Dart-3.12.2,AOT-MSVC-Release,,
windows,local-windows,2,abi_v1,3564f5ff4cf9d04755fd6d080d52933e2ae89593,d4e9e54fd92a53ce204ecc36f0031c8db3e2085c,CVT.RGBA.BGRA,cvt,RGBA,BGRA,1920,1080,-,tight,dart,OK,,6,30,22.4790,23.5670,25.5650,p95,23.7333,0.7249,0.0848,4a107f2e1d3895761980b2c7e5eecc1a587bffc27626b96868c9c94306dc22a9,23.5100;23.1920;23.3110;23.4420;23.3140;23.2160;23.2530;23.4000;23.1740;24.4150;23.6600;23.6240;23.7170;23.8150;23.8790;23.9300;23.8530;23.6840;23.6910;23.8160;25.7820;25.5650;25.2060;24.5520;23.2560;22.4790;23.4800;23.1990;23.1750;23.4080,2026-09-26T13:41:01.946198Z,2026-09-26T13:41:03.060118Z,Flutter-3.44.9-Dart-3.12.2,AOT-MSVC-Release,,
